event,location,zipcode
CAPITAL AREA MISSOURI NOW,MO,65109
CITIZENS FOR A DEMOCRATIC SOCIETY (CDS),MO,
CLAYTON MO HUDDLE,MO,63105
CODERS FOR THE PEOPLE,MO,
COLLEGE DEMOCRATS AT SOUTHEAST MISSOURI STATE UNIVERSITY,MO,63701
COMMUNITY OF HOPE AND RESISTANCE,MO,
COMO FOR PROGRESS,MO,65201
DEMOCRATS FOR ACTION,MO,
FORWARD TOGETHER IN ACTION,MO,63119
GREATER KANSAS CITY WOMEN'S POLITICAL CAUCUS,MO,66062
HOWARD COUNTY PROGRESSIVES,MO,65248
INDIVISIBLE DOUGLAS/OZARK COUNTY,MO,65773
INDIVISIBLE JOPLIN: PLAN MO,MO,64801
INDIVISIBLE MINERAL AREA,MO,63601
INDIVISIBLE MO-5,MO,64050
INDIVISIBLE NEMO,MO,65201
INDIVISIBLE PHELPS,MO,65401
INDIVISIBLE PULASKI COUNTY MISSOURI,MO,65583
INDIVISIBLE RURAL PROGRESSIVES OF THE EIGHTH DISTRICT,MO,63601
INDIVISIBLE SENIORS MISSOURI,MO,
INDIVISIBLE SENIORS MISSOURI - KC,MO,64113
INDIVISIBLE SOUTHWEST MISSOURI,MO,65708
INDIVISIBLE SPRINGFIELD MISSOURI,MO,65806
INDIVISIBLE SPRINGFIELD MO,MO,65806
INDIVISIBLE ST. CHARLES HOPE,MO,63304
INDIVISIBLE ST. LOUIS CITY,MO,
JEFFERSON CITY AREA INDIVISIBLE,MO,65101
LADY LIBERTY RAPID RESPONSE TEAM,MO,63118
LET'S DO THIS. STL.,MO,63105
LIBERAL WOMEN UNITE SOUTHEAST MO,MO,
LIBERAL WOMEN UNITE-SOUTHEAST MO CHAPTER,MO,63701
LINN COUNTY DEMOCRAT CLUB,MO,64628
MID-MO INDIVISIBLE,MO,
MISSOURI WOMEN'S POLITICAL CAUCUS,MO,
MO MEDICAID COALITION,MO,
MOMENTUM: MISSOURI MOVING FORWARD,MO,63108
MOMS DEMAND ACTION FOR GUN SENSE,MO,
NORTH EAST MO RESIST,MO,
NORTHLAND DEMOCRATIC CLUB,MO,64116
OUR REVOLUTION - ST. JOSEPH,MO,64501
OUR REVOLUTION: MID-MISSOURI,MO,65201
OZARK WILDERNESS LEAGUE-PEOPLE'S ACTION COALITION,MO,65453
"OZARKS INDIVISIBLE IN SALEM, MISSOURI",MO,65560
PERSISTERHOOD OF ST. JOSEPH,MO,64501
PHYSICIANS FOR A NATIONAL HEALTH PROGRAM - MO CHAPTER,MO,63133
POLITICAL POSTCARD POTLUCK,MO,
PROGRESSIVE ACTION IN THE COMMUNITY,MO,63131
PROGRESSIVE PODS,MO,63011
PROGRESSIVES,MO,
"RACE MATTERS, FRIENDS. WE HAVE BEEN CHALLENGING CITY GOVERNMENT ON RACE & EQUITY ISSUES FOR 2 YEARS",MO,65201
RESIST HATE KC,MO,64118
RESISTANCE KC,MO,
RISE MOKAN,MO,
SEDALIA INDIVISIBLE AGAINST HATE,MO,65301
SHOW ME INDIVISIBLE,MO,
SMALL DEEDS DONE,MO,63104
"SOLIDARITY SUNDAY BOONVILLE, MO",MO,
ST. LOUIS INDIVISIBLE: A POLITICAL ACTION SALON,MO,63104
STAND AND RESIST: HOWELL COUNTY,MO,
STAND INDIVISIBLE/POPLAR BLUFF,MO,
STRONGER TOGETHER,MO,
SWAT,MO,
TAKE ACTION NOW FOR OUR DEMOCRACY,MO,
TAKE ACTION STL,MO,
THE JOHNWARLOCKGROUP,MO,
THE WHITE ROSE,MO,
WEST COUNTY HUDDLE,MO,63021
WEST COUNTY INDIVISIBLE NETWORK - ST. LOUIS (WIN-STL),MO,
INDIVISIBLE HEARTLAND,Omaha NE,68124
INDIVISIBLE NEBRASKANS,Omaha NE,68124
INDIVISIBLE OMAHA @2,Omaha NE,68124
INDIVISIBLE WITH JUSTICE FOR ALL,Omaha NE,68124
"LIKE MINDED PEOPLE IN OMAHA, NE.",Omaha NE,68124
INDIVISIBLE OKLAHOMA CITY,Oklahoma City OK,73109
INDIVISIBLE OKSOCIALMEDIA,Oklahoma City OK,73109
OKLAHOMA PROGRESSIVE NETWORK,Oklahoma City OK,73109
PLANNED PARENTHOOD GREAT PLAINS VOTES,Oklahoma City OK,73109
INDIVISIBLE LINCOLN,Lincoln NE,68508
NEBRASKANS AGAINST GUN VIOLENCE,Lincoln NE,68508
RESIST-TRUMP.ORG,Lincoln NE,68508
INDIVISIBLE SOUTH TULSA,Tulsa OK,74119
INDIVISIBLE TULSA,Tulsa OK,74119
TULSA ACTIVISTS CENTRAL,Tulsa OK,74119
LEFT UP TO US,Austin TX,78702
TX-10 INDIVISIBLE,Austin TX,78702
KEARNEY ACTION NETWORK,Kearney NE,68847
KEARNEY INDIVISIBLE,Kearney NE,68847
INDIVISIBLE LAWTON,Lawton OK,73501
INDIVISIBLE OKLAHOMA,Lawton OK,73501
DEMOCRATS OF OTTAWA COUNTY OKLAHOMA,Miami OK,74354
INDIVISIBLE MIAMI OK,Miami OK,74354
INDIVISIBLE GUIDE NORMAN OKLAHOMA,Norman OK,73069
RESIST! INDIVISIBLE NORMAN,Norman OK,73069
CENTRAL MINNESOTA ACCOUNTABILITY IN ACTION,Saint Cloud MN,56301
ST.CLOUD ACTIVIST,Saint Cloud MN,56301
THE ARIZONA GROUND GAME (TAGG),Tucson AZ,85701
TUCSON AMBASSADORS FOR CONSTITUTIONAL RIGHTS,Tucson AZ,85701
INDIVISIBLE ADA,Ada OK,
ALBUQUERQUE COORDINATORS,Albuquerque NM,
TX-34 INDIVISIBLE (SOUTH TEXAS): RESISTING THE TRUMP AGENDA IN SOUTH TEXAS,Alice TX,
INDIVISIBLE ALTUS,Altus OK,
INDIVISIBLE ANN ARBOR,Ann Arbor MI,
INDIVISIBLE ANTLERS,Antlers OK,
INDIVISIBLE ARDMORE,Ardmore OK,
INDIVISIBLE TOHONO,AZ,
INDIVISIBLE BARTLESVILLE,Bartlesville OK,
INDIVISIBLEBEAVERTON,Beaverton OR,
RESISTANCE GROUP,Bellingham WA,
INDIVISIBLE POLK COUNTY,Benton TN,
INDIVISIBLE - BEREA AND GREATER CLEAR CREEK COMMUNITY,Berea KY,
STAND UP MINNESOTA - SHERBURNE AREA PROGRESS MAKERS,Big Lake MN,
ELDER STREET COLLECTIVE,Boulder CO,
INDIVISIBLEBGKY,Bowling Green KY,
BURNSVILLE LAKEVILLE UNITED,Burnsville MN,
INDIVISIBLE EUSTIS,Cambridge MA,
THE SPRINGCOURT WATCHDOGS,Cherry Hill NJ,
INDIVISIBLE CHICKASHA,Chickasha OK,
INDIVISIBLE CROSSVILLE,Crossville TN,
PROGRESSIVE RURAL NEBRASKANS,David City NE,
"INDIVISIBLE LIBERTY AND CHAMBERS COUNTIES, TEXAS",Dayton TX,
INDIVISIBLE DAYTONA,Daytona Beach FL,
LANCASTER COUNTY DEMOCRATIC PARTY,Denton NE,
INDIVISIBLE DUNCAN,Duncan OK,
INDIVISIBLE DURANT,Durant OK,
INDIVISIBLE EDMOND,Edmond OK,
INDIVISIBLE EL RENO,El Reno OK,
INDIVISIBLE ENID,Enid OK,
INDIVISIBLE EUFAULA,Eufalula OK,
INDIVISIBLE FLETCHER,Fletcher OK,
GLENDALE INDIVISIBLE AGAINST INJUSTICE,Glendale AZ,
CAPE ANN DEMOCRATS,Gloucester MA,
INDIVISIBLE80121,Greenwood Village CO,
GRANDLAKE INDIVISIBLE,Grove OK,
INDIVISIBLE GUYMON,Guymon OK,
UNITED NEBRASKA,Hastings NE,
INDIVISIBLE HELENA,Helena MT,
SNAP (SOUTHEAST NEBRASKA AMERICANS FOR PROGRESS),Hickman NE,
PEACE AND JUSTICE COMMITTEE OF ST. CATHERINE OF SIENA PARISH,Ithaca NY,
RALLY FOR COMMON GROUND - KOHALA,Kapaau HI,
MARSHALL COUNTY DEMOCRATS OF OKLAHOMA,Kingston OK,
NORTHUMBERLAND INDIVISIBLE,Kinsale VA,
MOUNTAIN PEARLS,Lake City CO,
CITIZEN'S IMMIGRATION & REFUGEE ACTION COMMITTEE,Lancaster PA,
POLK BURNETT INDIVISIBLE,Luck WI,
INDIVISIBLE MCALESTER OK,MaAlester OK,
INDIVISIBLE EAST TENNESSEE,Maryville TN,
INDIVISIBLE MCAESTER,Mcalester OK,
LADY OF LIBERTY FORUM,Mcloud OK,
WOMEN IN ACTION - JUNIATA COUNTY,Mifflin PA,
REFUEL THE RESISTANCE,Milwaukee WI,
INDIVISIBLE TN-4 SOUTH CUMBERLAND PLATEAU,Monteagle TN,
INDIVISIBLE MUSKOGEE,muskogeeok OK,
INDIVISIBLE NOLA,New Orleans Louisiana,
ELEANOR ROOSEVELT DEMOCRATIC CLUB,New York NY,
INDIVISIBLE PEND OREILLE COUNTY,Newport WA,
SUIT UP NEBRASKA,North Platte NE,
INDIVISIBLE NORTH TULSA,North Tulsa OK,
INDIVISIBLE OWASSO OKLAHOMA,Owasso OK,
INDIVISIBLE PAULS VALLEY,Pauls Valley OK,
BLUE MOUNTAIN OR MARCHERS,Pendleton OR,
IUNITY MEETINGS!,Phoenix AZ,
MULTNOMAH VILLAGE PEOPLE (MVP),Portland OR,
HAWKINS COUNTY INDIVISIBLE,Rogersville Tennessee,
INDIVISIBLE HARDIN COUNTY,Savannah TN,
INDIVISIBLE SEQUOYAH COUNTY,Sequoyah OK,
INDIVISIBLE SHAWNEE,Shawnee OK,
SHELBYVILLE INDIVISIBLE,Shelbyville TN,
MARCHING FORWARD,South Dartmouth MA,
INDIVISIBLE STILLWATER,Stillwater OK,
"NEED A GROUP CONTACT NEAR HIGHLAND PARK, ILL--60035",Sturgeon Bay WI,
INDIVISIBLE CHEROKEE COUNTY,Tahlequah OK,
INDIVISIBLE BACKBONE,Vashon WA,
INDIVISABLE HAYS,Wakeeney KS,
INDIVISIBLE WEATHERFORD,Weatherford OK,
WINDHAM AREA PROGRESSIVE ACTION,Willimantic CT,
INDIVISIBLE WOODWARD,Woodward OK,
INDIVISIBLE YUKON,Yukon OK,
